{"cameraMode":{"drawMode":0,"name":"Shaded","section":"Shading Mode"},"sceneLighting":true,"audioPlay":false,"sceneViewState":{"m_AlwaysRefresh":false,"showFog":true,"showSkybox":true,"showFlares":true,"showImageEffects":true,"showParticleSystems":true,"showVisualEffectGraphs":true,"m_FxEnabled":true},"in2DMode":false,"pivot":{"x":14.246649742126465,"y":10.981761932373047,"z":-0.5292954444885254},"rotation":{"x":0.20177556574344636,"y":0.10292217880487442,"z":-0.02129826508462429,"w":0.9738090634346008},"size":6.677152156829834,"orthographic":false}