{"cameraMode":{"drawMode":0,"name":"Shaded","section":"Shading Mode"},"sceneLighting":true,"audioPlay":false,"sceneViewState":{"m_AlwaysRefresh":false,"showFog":true,"showSkybox":true,"showFlares":true,"showImageEffects":true,"showParticleSystems":true,"showVisualEffectGraphs":true,"m_FxEnabled":true},"in2DMode":false,"pivot":{"x":13.887569427490235,"y":8.938267707824707,"z":-1.3726558685302735},"rotation":{"x":0.23781704902648927,"y":-0.6695634126663208,"z":0.24088022112846375,"w":0.6611842513084412},"size":0.16753479838371278,"orthographic":false}